{"loss": 0.014046043705995088, "_runtime": 433, "_timestamp": 1636288476, "_step": 125, "acc": 0.6978164911270142, "Training loss": 0.15041916072368622, "Training acc": 0.953125, "Validation loss": 0.013210766729038589, "Validation acc": 0.6942107081413269}