{"Training loss": 0.023618184030056, "_runtime": 673, "_timestamp": 1636389731, "_step": 599, "Training acc": 0.984375, "Validation loss": 0.03140458531088323, "Validation acc": 0.6986178159713745}