{"Training loss": 0.6950576305389404, "_runtime": 485, "_timestamp": 1636296848, "_step": 149, "Training acc": 0.484375, "Validation loss": 0.010804915424584985, "Validation acc": 0.5172275900840759}