{"Training loss": 0.6937307119369507, "_runtime": 96, "_timestamp": 1636297841, "_step": 79, "Training acc": 0.5, "Validation loss": 0.01080331387836011, "Validation acc": 0.5187299847602844, "_wandb": {"runtime": 239}}