{"Training loss": 0.5184639692306519, "_runtime": 333, "_timestamp": 1636298327, "_step": 291, "Training acc": 0.734375, "Validation loss": 0.00935174006320844, "Validation acc": 0.6743789911270142}